{
  "samples_total": 10000,
  "features": [
    "num_items",
    "avg_item_price",
    "total_items_price",
    "freight_value"
  ],
  "regression": {
    "rmse": 195.37829985761343,
    "mae": 5.464152520000009,
    "r2": 0.6794514472029622
  },
  "classification": {
    "threshold": 198.65,
    "roc_auc": 0.999977,
    "average_precision": 0.9999085907323477,
    "best_operating_point": {
      "score_threshold": 208.36683500000026,
      "f1": 0.9648033126293996
    }
  },
  "classification_metrics_sweep": {
    "classification_threshold_value": 198.65,
    "thresholds": [
      13.813150000000025,
      52.723887000000076,
      91.63462400000012,
      130.54536100000018,
      169.45609800000022,
      208.36683500000026,
      247.27757200000033,
      286.18830900000034,
      325.0990460000004,
      364.0097830000004,
      402.92052000000047,
      441.8312570000005,
      480.7419940000006,
      519.6527310000007,
      558.5634680000007,
      597.4742050000008,
      636.3849420000008,
      675.2956790000009,
      714.2064160000009,
      753.1171530000009,
      792.027890000001,
      830.938627000001,
      869.8493640000011,
      908.7601010000011,
      947.6708380000013,
      986.5815750000013,
      1025.4923120000012,
      1064.4030490000011,
      1103.3137860000013,
      1142.2245230000012,
      1181.1352600000014,
      1220.0459970000013,
      1258.9567340000015,
      1297.8674710000016,
      1336.7782080000015,
      1375.6889450000017,
      1414.5996820000016,
      1453.5104190000018,
      1492.4211560000017,
      1531.3318930000019,
      1570.2426300000018,
      1609.153367000002,
      1648.0641040000019,
      1686.974841000002,
      1725.885578000002,
      1764.796315000002,
      1803.707052000002,
      1842.6177890000022,
      1881.5285260000023,
      1920.4392630000023,
      1959.3500000000024,
      1998.2607370000023,
      2037.1714740000025,
      2076.0822110000026,
      2114.9929480000023,
      2153.9036850000025,
      2192.8144220000027,
      2231.725159000003,
      2270.6358960000025,
      2309.5466330000027,
      2348.457370000003,
      2387.368107000003,
      2426.2788440000027,
      2465.189581000003,
      2504.100318000003,
      2543.011055000003,
      2581.9217920000033,
      2620.832529000003,
      2659.743266000003,
      2698.6540030000033,
      2737.5647400000034,
      2776.475477000003,
      2815.3862140000033,
      2854.2969510000034,
      2893.2076880000036,
      2932.1184250000033,
      2971.0291620000035,
      3009.9398990000036,
      3048.8506360000038,
      3087.7613730000035,
      3126.6721100000036,
      3165.5828470000038,
      3204.493584000004,
      3243.404321000004,
      3282.315058000004,
      3321.225795000004,
      3360.136532000004,
      3399.0472690000042,
      3437.958006000004,
      3476.868743000004,
      3515.7794800000042,
      3554.6902170000044,
      3593.600954000004,
      3632.5116910000042,
      3671.4224280000044,
      3710.3331650000046,
      3749.2439020000047,
      3788.1546390000044,
      3827.0653760000046,
      3865.9761130000047,
      3904.8868500000044
    ],
    "accuracy": [
      0.2,
      0.3828,
      0.6336,
      0.8028,
      0.9356,
      0.9864,
      0.9352,
      0.9088,
      0.886,
      0.8712,
      0.8524,
      0.8448,
      0.8396,
      0.8352,
      0.8332,
      0.8316,
      0.8296,
      0.8252,
      0.8232,
      0.8216,
      0.82,
      0.818,
      0.8148,
      0.8132,
      0.8128,
      0.8128,
      0.8128,
      0.812,
      0.8104,
      0.81,
      0.8096,
      0.808,
      0.8076,
      0.8068,
      0.8068,
      0.8068,
      0.8068,
      0.8068,
      0.806,
      0.806,
      0.806,
      0.806,
      0.806,
      0.806,
      0.8056,
      0.8052,
      0.8048,
      0.8048,
      0.8048,
      0.8048,
      0.804,
      0.8028,
      0.8028,
      0.802,
      0.802,
      0.802,
      0.802,
      0.802,
      0.802,
      0.8016,
      0.8016,
      0.8016,
      0.8016,
      0.8016,
      0.8012,
      0.8012,
      0.8012,
      0.8012,
      0.8012,
      0.8012,
      0.8008,
      0.8008,
      0.8008,
      0.8004,
      0.8004,
      0.8004,
      0.8004,
      0.8004,
      0.8004,
      0.8004,
      0.8004,
      0.8004,
      0.8004,
      0.8004,
      0.8004,
      0.8004,
      0.8004,
      0.8004,
      0.8004,
      0.8004,
      0.8004,
      0.8004,
      0.8004,
      0.8004,
      0.8004,
      0.8004,
      0.8004,
      0.8004,
      0.8004,
      0.8004,
      0.8004
    ],
    "precision": [
      0.2,
      0.24473813020068527,
      0.3531073446327684,
      0.5035246727089627,
      0.75642965204236,
      1.0,
      1.0,
      1.0,
      1.0,
      1.0,
      1.0,
      1.0,
      1.0,
      1.0,
      1.0,
      1.0,
      1.0,
      1.0,
      1.0,
      1.0,
      1.0,
      1.0,
      1.0,
      1.0,
      1.0,
      1.0,
      1.0,
      1.0,
      1.0,
      1.0,
      1.0,
      1.0,
      1.0,
      1.0,
      1.0,
      1.0,
      1.0,
      1.0,
      1.0,
      1.0,
      1.0,
      1.0,
      1.0,
      1.0,
      1.0,
      1.0,
      1.0,
      1.0,
      1.0,
      1.0,
      1.0,
      1.0,
      1.0,
      1.0,
      1.0,
      1.0,
      1.0,
      1.0,
      1.0,
      1.0,
      1.0,
      1.0,
      1.0,
      1.0,
      1.0,
      1.0,
      1.0,
      1.0,
      1.0,
      1.0,
      1.0,
      1.0,
      1.0,
      1.0,
      1.0,
      1.0,
      1.0,
      1.0,
      1.0,
      1.0,
      1.0,
      1.0,
      1.0,
      1.0,
      1.0,
      1.0,
      1.0,
      1.0,
      1.0,
      1.0,
      1.0,
      1.0,
      1.0,
      1.0,
      1.0,
      1.0,
      1.0,
      1.0,
      1.0,
      1.0,
      1.0
    ],